date,prices,market_caps,total_volumes
2020-08-01,9.720000000000002e-10,0.0,1426169.4322662805
2020-08-02,9.720000000000002e-10,0.0,1426169.4322662805
2020-08-03,5.17e-10,0.0,177320.86516607585
2020-08-04,1.47e-10,0.0,58977.66630603915
2020-08-05,1.6400000000000003e-10,0.0,18923.979547621515
2020-08-06,3.1600000000000005e-10,0.0,37385.07581777098
2020-08-07,2.33e-10,0.0,7544.5258217064165
2020-08-08,2.32e-10,0.0,15823.498996478906
2020-08-09,2.66e-10,0.0,13647.466056899433
2020-08-10,2.33e-10,0.0,4717.7671521730035
2020-08-11,1.8399999999999998e-10,0.0,5607.360542351438
2020-08-12,1.7000000000000003e-10,0.0,2837.602978586619
2020-08-13,1.5e-10,0.0,1728.226739356077
2020-08-14,1.54e-10,0.0,1890.904211897655
2020-08-15,1.85e-10,0.0,3519.7552797611957
2020-08-16,1.73e-10,0.0,1486.5178653531575
2020-08-17,1.72e-10,0.0,503.51483535812383
2020-08-18,1.67e-10,0.0,545.7792994054788
2020-08-19,1.6099999999999999e-10,0.0,154.37324751482396
2020-08-20,1.76e-10,0.0,3861.5230698185624
2020-08-21,2.0099999999999998e-10,0.0,2201.9755286269788
2020-08-22,1.18e-10,0.0,3923.2414334312953
2020-08-23,1.17e-10,0.0,8422.30807101245
2020-08-24,1.13e-10,0.0,774.3869750847977
2020-08-25,1.17e-10,0.0,31.877460539943197
2020-08-26,1.0600000000000001e-10,0.0,368.19148975018146
2020-08-27,1.01e-10,0.0,576.2163403152141
2020-08-28,8.199999999999999e-11,0.0,2202.3077184589156
2020-08-29,1.2300000000000001e-10,0.0,8720.867250230887
2020-08-30,1.34e-10,0.0,4602.644575033709
2020-08-31,2.48e-10,0.0,42877.60390546873
2020-09-01,3.03e-10,0.0,7112.1470504285435
2020-09-02,2.85e-10,0.0,14509.02446035758
2020-09-03,4.67e-10,0.0,80410.01140374817
2020-09-04,5.43e-10,0.0,81070.58270433873
2020-09-05,3.73e-10,0.0,30175.600017873774
2020-09-06,1.5300000000000001e-10,0.0,7784.578158175332
2020-09-07,1.42e-10,0.0,14938.21631730466
2020-09-08,1.24e-10,0.0,6019.691519994458
2020-09-09,1.32e-10,0.0,4121.158575121775
2020-09-10,1.03e-10,0.0,2559.15200961831
2020-09-11,1.1499999999999999e-10,0.0,671.9149195763229
2020-09-12,1.1499999999999999e-10,0.0,77.84259546525013
2020-09-13,1.1100000000000002e-10,0.0,702.0026765699747
2020-09-14,1.0800000000000001e-10,0.0,693.4523888423893
2020-09-15,1.0200000000000001e-10,0.0,848.1360903798692
2020-09-16,1.01e-10,0.0,434.22500357958006
2020-09-17,1e-10,0.0,100.29068410524864
2020-09-18,1.2300000000000001e-10,0.0,1402.431834870766
2020-09-19,1.19e-10,0.0,290.0094617127384
2020-09-20,1.67e-10,0.0,4163.881675020383
2020-09-21,1.32e-10,0.0,2584.7277968599856
2020-09-22,1.2300000000000001e-10,0.0,1794.1018029651218
2020-09-23,1.18e-10,0.0,463.4210013295728
2020-09-24,1.07e-10,0.0,491.1424722229522
2020-09-25,1.17e-10,0.0,174.90750382322418
2020-09-26,1.18e-10,0.0,209.75623999772588
2020-09-27,1.2e-10,0.0,250.52397783398453
2020-09-28,1.46e-10,0.0,2555.1977078730183
2020-09-29,1.42e-10,0.0,633.270599124416
2020-09-30,1.3700000000000002e-10,0.0,247.34826668341998
2020-10-01,1.32e-10,0.0,503.6391185592938
2020-10-02,1.26e-10,0.0,301.15880134027276
2020-10-03,2.0699999999999998e-10,0.0,12009.728688945843
2020-10-04,1.25e-10,0.0,6997.598864850846
2020-10-05,1.26e-10,0.0,10549.34590686863
2020-10-06,1.18e-10,0.0,2491.968678179371
2020-10-07,1.13e-10,0.0,3949.06541091676
2020-10-08,9.9e-11,0.0,5192.5501429581645
2020-10-09,1.0800000000000001e-10,0.0,763.9866942609847
2020-10-10,1.01e-10,0.0,1272.3866374916072
2020-10-11,1.03e-10,0.0,302.918427610357
2020-10-12,1.03e-10,0.0,10.299918448097703
2020-10-13,1.07e-10,0.0,109.99739266096863
2020-10-14,1.03e-10,0.0,1160.1680161139425
2020-10-15,1.0200000000000001e-10,0.0,52.76827237070585
2020-10-16,1.0200000000000001e-10,0.0,25.446032605826147
2020-10-17,9.599999999999999e-11,0.0,176.89136527049925
2020-10-18,9.699999999999999e-11,0.0,44.52222350626229
2020-10-19,9.9e-11,0.0,3.748117006993713
2020-10-20,1e-10,0.0,57.79466260456323
2020-10-21,1.0200000000000001e-10,0.0,525.6342225955984
2020-10-22,1.03e-10,0.0,525.9158859492857
2020-10-23,1.03e-10,0.0,27.096969975828515
2020-10-24,1.03e-10,0.0,504.73541511173374
2020-10-25,8.699999999999998e-11,0.0,1374.21382105211
2020-10-26,8.599999999999999e-11,0.0,4.417150428062148
2020-10-27,8.4e-11,0.0,1123.762425312192
2020-10-28,8.699999999999998e-11,0.0,18.772187849414905
2020-10-29,7.9e-11,0.0,447.81330197850957
2020-10-30,7.9e-11,0.0,13.469050800743961
2020-10-31,7.699999999999999e-11,0.0,83.24670581706795
2020-11-01,7.6e-11,0.0,168.99924726088358
2020-11-02,7.6e-11,0.0,0.9373083356382951
2020-11-03,6.999999999999999e-11,0.0,640.8195669600791
2020-11-04,6.7e-11,0.0,419.00422363717854
2020-11-05,6.999999999999999e-11,0.0,35.89197874571261
2020-11-06,7.2e-11,0.0,197.3556370264993
2020-11-07,7.699999999999999e-11,0.0,10.581869084159976
2020-11-09,7.799999999999999e-11,0.0,62.35551027794932
2020-11-10,7.799999999999999e-11,0.0,62.35551027794932
2020-11-12,6.7e-11,0.0,1253.9188478482831
2020-11-13,6.7e-11,0.0,1253.9188478482831
2020-11-14,6.299999999999999e-11,0.0,682.5798449054879
2020-11-15,6e-11,0.0,135.4559516492927
2020-11-16,5.7999999999999994e-11,0.0,9.744328107263657
2020-11-17,6e-11,0.0,36.57171489711526
2020-11-18,6.299999999999999e-11,0.0,8.541997066093412
2020-11-19,6.299999999999999e-11,0.0,9.09373690243809
2020-11-20,6.199999999999999e-11,0.0,1.940123157053518
2020-11-21,6.7e-11,0.0,157.7020941893348
2020-11-22,6.999999999999999e-11,0.0,58.70546496815317
2020-11-23,6.8e-11,0.0,78.13754893142293
2020-11-27,6.7e-11,0.0,8.791896660547971
2020-11-28,6.7e-11,0.0,8.791896660547971
2020-11-29,5.7999999999999994e-11,0.0,1274.1344928775738
2020-11-30,6.1e-11,0.0,7.680227846156118
2020-12-01,6.299999999999999e-11,0.0,150.3583502463987
2020-12-02,6.4e-11,0.0,123.13326966548485
2020-12-04,6.4e-11,0.0,38.660401525603056
2020-12-05,6.4e-11,0.0,38.660401525603056
2020-12-06,6.199999999999999e-11,0.0,11.77308397964032
2020-12-07,6.299999999999999e-11,0.0,6.316668918780911
2020-12-08,6e-11,0.0,20.53851838395344
2020-12-09,6e-11,0.0,20.53851838395344
2020-12-11,5.7e-11,0.0,71.24680844487263
2020-12-12,5.7e-11,0.0,71.24680844487263
2020-12-13,5.9e-11,0.0,5.959593315678491
2020-12-14,6.1e-11,0.0,20.587974358343846
2020-12-15,6e-11,0.0,341.47560629933236
2020-12-16,6.1e-11,0.0,55.4237142173795
2020-12-19,6.7e-11,0.0,13.246500304834253
2020-12-20,6.7e-11,0.0,13.246500304834253
2020-12-21,6.7e-11,0.0,3.332563649861627
2020-12-26,6.5e-11,0.0,8.990036672555169
2020-12-27,6.5e-11,0.0,8.990036672555169
2020-12-28,7.299999999999999e-11,0.0,216.07268256877944
2020-12-29,7.799999999999999e-11,0.0,74.3296234883315
2020-12-30,7.6e-11,0.0,118.43862726217152
2020-12-31,7.699999999999999e-11,0.0,0.00037022567703300004
2021-01-01,7.699999999999999e-11,0.0,0.00037022567703300004
2021-01-02,8e-11,0.0,76.49333760646037
2021-01-03,8e-11,0.0,76.49333760646037
2021-01-04,9.5e-11,0.0,1.73962360234756
2021-01-05,1.1100000000000002e-10,0.0,16.71387951624022
2021-01-06,1.1100000000000002e-10,0.0,16.71387951624022
2021-01-07,1.2e-10,0.0,0.119836815116236
2021-01-09,1.34e-10,0.0,201.44461669376884
2021-01-10,1.34e-10,0.0,201.44461669376884
2021-01-11,1.33e-10,0.0,203.35052047582124
2021-01-12,1.1400000000000002e-10,0.0,66.15208716105043
2021-01-13,1.1000000000000001e-10,0.0,124.68681810159651
2021-01-14,1.27e-10,0.0,599.552499802967
2021-01-15,1.27e-10,0.0,599.552499802967
2021-01-16,1.3000000000000002e-10,0.0,642.8087204047671
2021-01-17,1.26e-10,0.0,1229.3366443115854
2021-01-18,1.2300000000000001e-10,0.0,47.15704817683453
2021-01-19,1.22e-10,0.0,43.23144300775726
2021-01-20,1.39e-10,0.0,7.783484954463987
2021-01-21,1.3500000000000002e-10,0.0,0.13370201891400502
2021-01-22,1.27e-10,0.0,52.5346967690393
2021-01-23,1.27e-10,0.0,52.5346967690393
2021-01-24,1.25e-10,0.0,19.86875490323669
2021-01-25,1.33e-10,0.0,0.132553189053562
2021-01-26,1.44e-10,0.0,500.4308985041172
2021-01-27,1.38e-10,0.0,130.94921025379168
2021-01-28,1.31e-10,0.0,39.22949141581849
2021-01-29,1.38e-10,0.0,13.369968710165073
2021-01-30,1.43e-10,0.0,516.3625364320842
2021-01-31,5.053000000000001e-09,0.0,10989782.205450306
2021-02-01,2.9100000000000002e-08,0.0,34956951.56710088
2021-02-02,1.0983000000000001e-08,0.0,8057189.445516632
2021-02-03,1.6149e-08,0.0,6684970.83435231
2021-02-04,1.3709e-08,0.0,2232391.010689978
2021-02-05,1.0793e-08,0.0,1453877.1474012858
2021-02-06,7.803e-09,0.0,1028036.6100359072
2021-02-07,8.264e-09,0.0,618908.8930404542
2021-02-08,7.855000000000002e-09,0.0,1591960.8888300883
2021-02-09,1.0885000000000001e-08,0.0,4471910.495925172
2021-02-10,8.835000000000001e-09,0.0,987089.7154174169
2021-02-11,9.886e-09,0.0,973137.1513943658
2021-02-12,8.835000000000001e-09,0.0,607690.2709766672
2021-02-13,8.903e-09,0.0,408892.83048511326
2021-02-14,8.347e-09,0.0,267283.65864727926
2021-02-15,7.12e-09,0.0,356723.7679129525
2021-02-16,7.706e-09,0.0,216033.54579831028
2021-02-17,6.6650000000000005e-09,0.0,279332.9485613875
2021-02-18,7.626000000000002e-09,0.0,161256.47214148883
2021-02-19,7.749e-09,0.0,103601.14299343625
2021-02-20,7.0670000000000005e-09,0.0,138149.93351182144
2021-02-21,7.045e-09,0.0,284290.28341798804
2021-02-22,7.2800000000000005e-09,0.0,142385.99447178148
2021-02-23,6.689e-09,0.0,141786.191443667
2021-02-24,5.8640000000000004e-09,0.0,49220.78392624266
2021-02-25,6.12e-09,0.0,70426.66546557451
2021-02-26,5.888e-09,0.0,56965.26267824434
2021-02-27,5.963e-09,0.0,169260.95965496643
2021-02-28,8.174e-09,0.0,544120.1342697095
2021-03-01,1.2385e-08,0.0,3282662.9817828485
2021-03-02,1.3938000000000002e-08,0.0,1079998.3532489752
2021-03-03,1.6608000000000002e-08,0.0,636067.6181776501
2021-03-04,2.2191999999999998e-08,0.0,1677976.5284555852
2021-03-05,2.561e-08,0.0,3527427.1771636284
2021-03-06,1.9399000000000004e-08,0.0,1962568.9187945838
2021-03-07,1.7741e-08,0.0,446521.67237527366
2021-03-08,1.7855e-08,0.0,692206.7493732116
2021-03-09,2.1629e-08,0.0,619527.3302155841
2021-03-10,2.2151e-08,0.0,759904.4298368491
2021-03-11,1.9823e-08,0.0,288803.41013722506
2021-03-12,1.7069000000000002e-08,0.0,347134.8810347871
2021-03-13,1.8264e-08,0.0,539378.2223338383
2021-03-14,2.2338e-08,0.0,1149479.90219619
2021-03-15,7.828900000000001e-08,0.0,41011372.51175174
2021-03-16,8.7439e-08,0.0,13134894.707622597
2021-03-17,6.1377e-08,0.0,4449518.724931787
2021-03-18,6.8892e-08,0.0,3336240.1641648584
2021-03-19,6.6804e-08,0.0,1435550.8952480757
2021-03-20,6.2734e-08,0.0,2226231.6826556306
2021-03-21,6.214e-08,0.0,1115914.432418627
2021-03-22,5.6872e-08,0.0,1682433.205957357
2021-03-23,4.8738e-08,0.0,1437355.3484344743
2021-03-24,4.4389e-08,0.0,875327.9218183646
2021-03-25,4.5921000000000005e-08,0.0,547244.6111976246
2021-03-26,4.2058e-08,0.0,583993.3205278973
2021-03-27,4.1844e-08,0.0,627521.0735600824
2021-03-28,3.9203000000000004e-08,0.0,503433.27233012154
2021-03-29,6.5824e-08,0.0,1451471.6790933341
2021-03-30,6.5083e-08,0.0,2356913.654736358
2021-03-31,5.699e-08,0.0,839658.7420989991
2021-04-01,6.0652e-08,0.0,1025693.9183136828
2021-04-02,5.1116e-08,0.0,1129776.715289444
2021-04-03,5.011300000000001e-08,0.0,1284845.9061722902
2021-04-04,4.9394e-08,0.0,814951.9517723718
2021-04-05,4.449900000000001e-08,0.0,1203298.1565956299
2021-04-06,4.9428000000000004e-08,0.0,1234321.5159063106
2021-04-07,6.2409e-08,0.0,1330041.0136511212
2021-04-08,5.7584999999999996e-08,0.0,787773.9457795852
2021-04-09,6.0508e-08,0.0,333192.99578051415
2021-04-10,6.7605e-08,0.0,647120.3894987552
2021-04-11,8.2665e-08,0.0,1384159.0596420148
2021-04-12,1.0520799999999998e-07,0.0,7098841.394955493
2021-04-13,1.79763e-07,0.0,19353073.088670135
2021-04-14,1.6600799999999999e-07,0.0,11698690.751440452
2021-04-15,1.6726e-07,0.0,6276227.0493967505
2021-04-16,2.69092e-07,0.0,16304507.89588289
2021-04-17,6.84175e-07,0.0,177924990.74474907
2021-04-18,1.94489e-06,0.0,546769207.7224177
2021-04-19,1.8518639999999999e-06,0.0,175494501.86308807
2021-04-20,3.6193069999999998e-06,0.0,541475519.596611
2021-04-21,2.452111e-06,0.0,448958541.43708915
2021-04-22,1.282295e-06,0.0,235815484.4438864
2021-04-23,1.610908e-06,0.0,200743420.73916227
2021-04-24,1.2217599999999998e-06,0.0,136878944.15801486
2021-04-25,1.3593629999999999e-06,0.0,81640805.77772503
2021-04-26,1.313379e-06,0.0,89615683.48022787
2021-04-27,1.1823599999999998e-06,0.0,93219235.03396994
2021-04-28,9.755629999999999e-07,0.0,94955414.26765105
2021-04-29,1.483849e-06,0.0,163490141.3847365
2021-04-30,1.40439e-06,0.0,93368647.92884491
2021-05-01,2.036757e-06,0.0,141539795.65459624
2021-05-02,1.905708e-06,0.0,85049657.42623657
2021-05-03,1.662174e-06,0.0,56355619.55092255
2021-05-04,1.5896949999999999e-06,0.0,34562823.81379711
2021-05-05,1.675244e-06,0.0,63315853.148758434
2021-05-06,1.717093e-06,0.0,46106254.035566755
2021-05-07,1.545241e-06,0.0,28123897.741873976
2021-05-08,2.750782e-06,0.0,376081554.08658147
2021-05-09,1.5692077e-05,0.0,9322917734.918509
2021-05-10,1.5690591e-05,0.0,4657940992.379174
2021-05-11,3.5318457e-05,0.0,14553569937.209982
2021-05-12,3.0777558999999996e-05,0.0,5412726305.664375
2021-05-13,1.8369073e-05,0.0,6103353722.154635
2021-05-14,2.1040866e-05,0.0,6004759582.476054
2021-05-15,1.853368e-05,0.0,2519900221.885646
2021-05-16,1.5637038e-05,7827138285.646066,2255990535.605459
2021-05-17,1.792667e-05,8896984975.86776,2896260559.6024246
2021-05-18,1.64306e-05,8315642450.124257,2943279104.435293
2021-05-19,1.5765667e-05,7816162274.90463,1534755374.3631291
2021-05-20,9.46046e-06,4754289550.642382,2824993248.7345862
2021-05-21,9.438009999999999e-06,4735115500.604587,2102750761.6593175
2021-05-22,8.168249e-06,4033060182.7458563,1362918306.9368505
2021-05-23,8.469173e-06,4219549159.802215,1101863101.9514453
2021-05-24,8.195135e-06,4034145304.612577,1418867091.0220664
2021-05-25,1.0610176e-05,5282047508.110628,1908679976.2895927
2021-05-26,9.408848e-06,4710375729.81272,1223842205.6020837
2021-05-27,9.547701e-06,4740235576.576331,894305036.3555446
2021-05-28,8.795537e-06,4384079885.971321,618648882.2228863
2021-05-29,7.929724e-06,3954791525.7051425,626784629.1882442
2021-05-30,7.944848e-06,3998713018.7735314,468231575.66390294
2021-05-31,7.857264e-06,3909372298.47855,408212273.68235075
2021-06-01,9.426641e-06,4694241780.409542,828302106.4177878
2021-06-02,8.877902e-06,4464666536.454352,727392948.0351413
2021-06-03,9.464821e-06,4709358310.540874,1072527440.5048782
2021-06-04,9.864854e-06,4937150381.044401,774250025.8389093
2021-06-05,8.799303e-06,4374018940.192146,785191787.5259799
2021-06-06,8.379938e-06,4166769446.195681,479285273.32079935
2021-06-07,8.536027e-06,4255489410.0248995,342765878.2376145
2021-06-08,7.648491e-06,3832054423.4711256,437619659.28222424
2021-06-09,7.351983e-06,3661436762.975736,750509562.4596736
2021-06-10,7.4003289999999994e-06,3700442104.984176,510505507.83839667
2021-06-11,6.858573e-06,3429539202.9613233,394909449.4925759
2021-06-12,6.18674e-06,3067958029.4200616,370811722.3369078
2021-06-13,6.281298e-06,3161693186.312032,555589338.6773133
2021-06-14,6.8517759999999995e-06,3408709377.77771,449373619.42062336
2021-06-15,7.100931e-06,3532986583.200956,475616913.59489906
2021-06-16,9.124465999999999e-06,4548448224.361367,1227957504.694695
2021-06-17,8.261688e-06,4104422756.3849716,1074867532.6943564
2021-06-18,7.99909e-06,3946752601.124402,661435256.175912
2021-06-19,7.237978e-06,3605740987.9455457,528848314.46372545
2021-06-20,7.618695e-06,3790099544.6042514,752191511.5865959
2021-06-21,7.829662e-06,3897271704.007165,606638078.3955841
2021-06-22,6.211645e-06,3134183948.6876326,671541571.6901894
2021-06-23,6.3301379999999995e-06,3141205471.7605433,750053903.5162278
2021-06-24,6.839619e-06,3412702377.108857,478210675.1088113
2021-06-25,7.217397e-06,3595717158.8505836,372240362.8740378
2021-06-26,7.154025e-06,3552907384.5682716,812511882.717107
2021-06-27,7.447198e-06,3707598607.1258264,498868236.44529384
2021-06-28,7.793982e-06,3874565547.8807383,357385108.7218047
2021-06-29,8.083127e-06,4025118336.983586,513588676.50726175
2021-06-30,8.940417e-06,4467885724.323505,1052347177.2817239
2021-07-01,8.821085e-06,4390145203.46498,766365450.1813004
2021-07-02,8.36998e-06,4164920296.578924,470490755.6338487
2021-07-03,8.351934e-06,4150954163.741433,347180306.41398495
2021-07-04,8.670472e-06,4311193128.62537,383766540.7926219
2021-07-05,8.754085e-06,4367429849.447185,377026515.0095991
2021-07-06,8.380951e-06,4181334273.066324,411327043.2325723
2021-07-07,8.700302e-06,4330611036.719709,666514551.7799932
2021-07-08,8.564679e-06,4263199013.2350597,389480583.94062483
2021-07-09,8.058704e-06,4012522713.2826643,463144915.7315526
2021-07-10,7.965324e-06,3957714418.534732,318390417.6537136
2021-07-11,7.712231e-06,3842457119.1142883,297561145.3284458
2021-07-12,7.859065e-06,3911934655.2931485,294725188.99430895
2021-07-13,7.60157e-06,3778444197.425388,375150497.74536663
2021-07-14,7.098501e-06,3540003559.0844493,308187905.1603803
2021-07-15,7.223009e-06,3591291338.340308,381094632.5126948
2021-07-16,6.886872e-06,3430383105.8835435,316418421.674577
2021-07-17,6.619228e-06,3284921838.134769,259139921.11017552
2021-07-18,6.803011e-06,3392932522.015834,261018710.2564046
2021-07-19,6.685196e-06,3327722658.0346313,258783570.32719406
2021-07-20,6.226027e-06,3112136233.072947,296262637.8888699
2021-07-21,5.930942e-06,2947395870.265549,309617747.4882796
2021-07-22,6.587741e-06,3271058295.5830145,416543345.09432185
2021-07-23,6.4889659999999995e-06,3230482083.371094,272604832.57943076
2021-07-24,6.480336e-06,3220652739.8946357,276982073.4748814
2021-07-25,6.45817e-06,3209836003.4830775,305629253.8780871
2021-07-26,6.4182519999999995e-06,3190860707.148253,248512432.86578777
2021-07-27,6.337099e-06,3158891059.2039304,489649430.6824771
2021-07-28,6.304853e-06,3122554743.6406984,247310589.86683783
2021-07-29,6.1857089999999995e-06,3078449384.8551636,220685996.11346492
2021-07-30,6.280482e-06,3133311030.4395895,240463054.76950532
2021-07-31,6.2719969999999995e-06,3127280108.9287,232242191.49551246
2021-08-01,6.262933e-06,3117520009.8921475,204747118.01393792
2021-08-02,6.284349999999999e-06,3124383681.280361,292507596.8660489
2021-08-03,6.350055e-06,3168951560.27584,229176267.5207752
2021-08-04,6.209734e-06,3094457854.760492,207462429.386714
2021-08-05,6.232584e-06,3099748228.369664,199716998.48708987
2021-08-06,6.198421e-06,3085192303.3159366,227932367.85427767
2021-08-07,6.310164e-06,3139665053.4380774,246719940.68811315
2021-08-08,7.789172e-06,3846338341.5506544,714516636.2580734
2021-08-09,7.356876e-06,3665594787.356704,961887564.32806
2021-08-10,7.639104e-06,3771144634.160031,476934202.7247951
2021-08-11,7.6003019999999995e-06,3767216615.3030224,336635512.39901346
2021-08-12,7.814901e-06,3881457368.715421,526920363.1843237
2021-08-13,7.664723e-06,3820998223.647087,420230627.08939755
2021-08-14,8.126142e-06,4042925462.4130383,376586698.3383824
2021-08-15,8.11975e-06,4043981858.467215,605789097.3724674
2021-08-16,8.56184e-06,4257873519.4730983,463677843.82270145
2021-08-17,9.073889e-06,4555023534.7482605,918750037.6863571
2021-08-18,8.085126e-06,4065794170.6341863,620577459.2572708
2021-08-19,8.065061e-06,4060809274.990055,453890957.373829
2021-08-20,8.280128e-06,4083010934.999251,336681522.4283727
2021-08-21,8.463899e-06,4212510271.604188,347709370.25945413
2021-08-22,8.142212e-06,4051832954.9099894,292862020.8770087
2021-08-23,8.220147999999999e-06,4093419518.6023993,269876413.8778928
2021-08-24,8.191754e-06,4080774601.6555758,304869968.51320225
2021-08-25,7.580858e-06,3774552409.4815784,658712629.9307344
2021-08-26,7.52863e-06,3747277424.3268156,312971414.66570437
2021-08-27,7.052206e-06,3519053977.0351167,295771346.0462362
2021-08-28,7.460442e-06,3707816357.479747,292903845.9656399
2021-08-29,7.245611e-06,3604632101.60554,211564632.80021438
2021-08-30,7.147333e-06,3558131777.8693466,215975076.42218685
2021-08-31,6.70152e-06,3400735638.873346,232139879.91817418
2021-09-01,6.882897e-06,3429893238.020407,286271876.01613206
2021-09-02,7.178174e-06,3565985523.105477,242785777.72463304
2021-09-03,7.091822e-06,3528040015.3206344,268751643.1440964
2021-09-04,7.068541e-06,3512509352.6352158,242687761.82228747
2021-09-05,7.450779999999999e-06,3709080163.1205263,347935516.52415663
2021-09-06,7.5082139999999995e-06,3715323743.908631,282550587.8066083
2021-09-07,7.247955e-06,3607753656.3570642,314948667.6236907
2021-09-08,6.0567159999999996e-06,3011139865.8841615,563109118.3650259
2021-09-09,6.787963e-06,3385719463.5690303,917876870.7434971
2021-09-10,7.327671e-06,3663777183.313847,713703438.0471252
2021-09-11,6.991344e-06,3479551525.957085,416290241.9543772
2021-09-12,6.7859000000000005e-06,3376103193.382545,210629890.15910852
2021-09-13,6.882838e-06,3434530357.0116534,218820235.45152473
2021-09-14,6.5237479999999995e-06,3250624295.547814,292462219.492793
2021-09-15,6.664767e-06,3316221221.4197717,168317336.3545309
2021-09-16,6.7757429999999995e-06,3373575594.7135205,187612569.27527174
2021-09-17,8.721695e-06,4322177171.233302,1468539999.231331
2021-09-18,8.432070999999999e-06,4189045959.5754614,1556415559.2375917
2021-09-19,7.849998e-06,3899567206.123356,464826455.3907487
2021-09-20,8.139744e-06,4064114288.6573477,529108453.8715612
2021-09-21,7.008439e-06,3466325130.096605,547606563.8887444
2021-09-22,6.790912e-06,3369407492.333508,346231624.3236145
2021-09-23,7.241959e-06,3602337421.5804996,260393495.038541
2021-09-24,7.650308e-06,3809753506.2389946,341264418.57456356
2021-09-25,7.353319e-06,3660599218.6768622,417422036.36433285
2021-09-26,7.3528289999999995e-06,3662700340.0211177,206572761.09330097
2021-09-27,7.1174199999999995e-06,3537643309.539265,238516917.44295347
2021-09-28,6.944599e-06,3473545700.203765,189525429.37050456
2021-09-29,6.993432e-06,3487524101.820315,211113771.22468793
2021-09-30,7.022465e-06,3493531431.3818884,180694105.164899
2021-10-01,7.2131879999999995e-06,3590736847.568962,292711703.7420933
2021-10-02,7.663587e-06,3811619698.3530135,288599956.8946151
2021-10-03,7.927552e-06,3945657308.476397,289816370.0674757
2021-10-04,8.560532e-06,4268713458.1502647,571169406.5167738
2021-10-05,1.3401357e-05,6672311852.566972,4506541023.241368
2021-10-06,1.7216401e-05,8595878599.57403,8379533674.10013
2021-10-07,2.8450927e-05,14232181765.153597,12943843777.484638
2021-10-08,2.2683955999999998e-05,11177093635.916876,17979285472.59109
2021-10-09,2.7506059999999998e-05,13623770372.032,10919585067.323515
2021-10-10,2.6790269999999998e-05,13303342308.437895,5792978516.142928
2021-10-11,2.6116831e-05,13053689094.150463,3247920501.363055
2021-10-12,3.0417268e-05,15082317596.859156,6580765552.573091
2021-10-13,2.9130689999999998e-05,14517538443.042574,4511873477.647077
2021-10-14,2.9031873999999998e-05,14434349126.97736,2821719122.1056614
2021-10-15,2.7421618e-05,13623180421.79069,2494555983.097785
2021-10-16,2.5421441e-05,12686501231.164127,3829119660.8041162
2021-10-17,2.5714679e-05,12797217383.853804,1720273799.7234366
2021-10-18,2.7614681e-05,13746497336.742392,2087017244.3407812
2021-10-19,2.8632809e-05,14022304848.312212,3597383240.2689323
2021-10-20,2.8146035e-05,14018497724.988794,1514467631.6917007
2021-10-21,2.9241569e-05,14514712248.261631,1478080365.0897274
2021-10-22,2.7588242e-05,13714415715.122612,1374269563.5968134
2021-10-23,2.7976684e-05,13909693200.04797,1150447986.267703
2021-10-24,3.3906855e-05,16983479796.931892,4259049222.657409
2021-10-25,3.5994716999999996e-05,17783824332.68147,14493652824.028349
2021-10-26,4.2257922e-05,20946734463.31837,7379666699.016153
2021-10-27,4.7659593e-05,23643481688.98405,10062206233.620226
2021-10-28,8.1904522e-05,40993209186.62979,36046130911.08447
2021-10-29,6.805198999999999e-05,37402449272.27395,30440581021.63556
2021-10-30,7.5139448e-05,41191243533.2432,13745592463.259155
2021-10-31,6.5028426e-05,35714388404.00135,7832286536.220091
2021-11-01,6.7067991e-05,36737284692.21308,7647555222.433107
2021-11-02,7.1434755e-05,39099662014.77028,7789456540.99745
2021-11-03,6.8974941e-05,37877792852.62237,5159643111.257724
2021-11-04,5.6396295e-05,31344514626.090717,6851144228.286681
2021-11-05,4.9357246e-05,28140266476.96225,11545507878.5406
2021-11-06,6.2823852e-05,34832682872.862526,12008690254.579123
2021-11-07,5.8832209e-05,32164946211.03843,6600552691.444024
2021-11-08,5.7153256e-05,31385130904.28318,3068586929.197904
2021-11-09,5.5004332e-05,30370919887.61342,4555269161.209706
2021-11-10,5.5065601e-05,30255648285.74287,3076593035.463407
2021-11-11,5.0639951e-05,27769210281.378838,4294474422.0281568
2021-11-12,5.6372979999999996e-05,30931022447.855892,5424147649.166758
2021-11-13,5.2284899e-05,28724857297.3305,2747383077.404046
2021-11-14,5.185908e-05,28458274695.90217,1589156691.988275
2021-11-15,5.36459e-05,29325630727.562523,2352679936.1937666
2021-11-16,5.3830034e-05,29630493951.964478,2471801287.219525
2021-11-17,4.8889205e-05,26889250569.40447,3789251985.7181334
2021-11-18,4.8336852e-05,26518366690.421616,2299631978.9761705
2021-11-19,4.2407318e-05,23196952031.19374,3416364762.045627
2021-11-20,4.8776934e-05,26744626084.78734,4018897697.8013225
2021-11-21,4.7907088e-05,26281747999.751728,2272383677.2888365
2021-11-22,4.4427788e-05,24491716701.067223,1532998899.7604768
2021-11-23,4.3219352e-05,23733982428.316525,1691602247.438352
2021-11-24,4.1573462999999996e-05,22768767694.831165,1751607023.1440835
2021-11-25,3.7892070999999997e-05,20801139833.954945,3164279300.2148113
2021-11-26,4.2368985e-05,23288544261.148037,5701986622.875438
2021-11-27,3.8619268e-05,21164740262.6734,3593156981.944333
2021-11-28,3.9068712999999996e-05,21377199875.497704,1947343341.762392
2021-11-29,3.9114542e-05,21510937155.45342,1803217796.356611
2021-11-30,4.4587127e-05,24249907967.20739,3337042005.7994485
2021-12-01,4.7408935e-05,26227146482.234234,9213910913.01244
2021-12-02,4.4038058e-05,24151563768.515396,3328037286.541092
2021-12-03,4.2329119e-05,23319900484.769882,2057700153.5584376
2021-12-04,4.0736641e-05,22462610152.464718,2597611898.8951783
2021-12-05,3.6681462999999996e-05,20456793686.596924,3683920844.5297046
2021-12-06,3.6367207e-05,19955037755.471375,2216915479.6723604
2021-12-07,3.7019405999999996e-05,20279468640.532574,2200062905.220524
2021-12-08,3.634073e-05,19962661616.937256,1754792256.1818824
2021-12-09,3.7010298e-05,20326234004.678608,1147768555.7920856
2021-12-10,3.4973069e-05,19299390544.050663,1014491008.4605557
2021-12-11,3.3820361e-05,18747189927.239433,921653345.8139156
2021-12-12,3.4397185e-05,18892968784.422356,864755180.9469075
2021-12-13,3.6661747e-05,20122253768.64461,1325673694.682738
2021-12-14,3.3046887e-05,18129253745.23854,1319313861.6938694
2021-12-15,3.3955249e-05,18601086715.856754,1345432220.5747876
2021-12-16,3.3882583999999996e-05,18550839174.980583,1076554318.537242
2021-12-17,3.2872713e-05,18018005905.229992,879083265.3710089
2021-12-18,3.1233528e-05,17142168120.870626,1080869037.8504353
2021-12-19,3.1510623e-05,17297145207.008995,636610512.7207445
2021-12-20,3.0891027999999996e-05,17007120556.014639,544379146.127949
2021-12-21,3.151904e-05,17352937255.53398,1630197248.6753485
2021-12-22,3.3358894999999996e-05,18399650923.566113,1234209242.4704938
2021-12-23,3.5164430999999996e-05,19337131678.24944,2175276772.323317
2021-12-24,3.8822338e-05,21213050188.51068,1852837797.6402473
2021-12-25,3.6538991e-05,20044341034.9004,1961113332.814641
2021-12-26,3.7977202e-05,20880986818.282364,1058340966.7881382
2021-12-27,3.844718e-05,21119820940.501617,1101422663.842711
2021-12-28,3.9065582e-05,21457675085.69485,1090737882.403213
2021-12-29,3.5150591e-05,19369704768.570076,1615338417.6102538
2021-12-30,3.3618132e-05,18352763923.688988,1034403996.6055596
2021-12-31,3.3737843e-05,18509600800.862034,858881692.6930171
2022-01-01,3.3448996999999996e-05,18446881460.696194,812979995.8251015
2022-01-02,3.416419e-05,18746143091.245132,513504800.07797253
2022-01-03,3.4048728e-05,18743982834.368256,508664096.2135272
2022-01-04,3.3203017999999996e-05,18255718056.172894,604029974.5028181
2022-01-05,3.2581488e-05,18001325841.16996,607047039.9083998
2022-01-06,3.0578138e-05,16846277325.316029,973728774.5593343
2022-01-07,3.0851100999999996e-05,16961671709.919683,1009686168.8235384
2022-01-08,2.9001779e-05,15969962380.168646,1020640456.703205
2022-01-09,2.7844349999999997e-05,15333795499.62655,951595698.1046544
2022-01-10,2.8323263e-05,15526997409.32706,617486189.0071386
2022-01-11,2.6795621999999998e-05,14736437267.39134,884027170.6260667
2022-01-12,2.7706402e-05,15251282326.801117,724780744.8849665
2022-01-13,3.1972305e-05,17708253734.276146,1338396438.678245
2022-01-14,2.9787057e-05,16436876319.59731,1245939479.4051096
2022-01-15,3.0872521e-05,16910935921.126244,1337226884.9611046
2022-01-16,3.0909518e-05,16963772016.52026,588793541.6179445
2022-01-17,3.0570692999999996e-05,16795821018.278702,524564176.97651726
2022-01-18,2.8920829e-05,15891202082.590769,648118256.5999676
2022-01-19,2.8188516e-05,15495831260.227642,690195574.6634034
2022-01-20,2.7341216999999998e-05,15074965504.25626,541811813.2553372
2022-01-21,2.6471666e-05,14620746754.913023,560027441.9425743
2022-01-22,2.2167163999999998e-05,12212883707.200136,1310787267.2567801
2022-01-23,2.0535034e-05,11276293508.764652,2031588888.8123856
2022-01-24,2.2375172999999998e-05,12262368993.34194,1838197218.0128052
2022-01-25,2.1259652e-05,11698446606.00997,1701613696.3541775
2022-01-26,2.1214990999999998e-05,11642617836.803894,940583616.1162833
2022-01-27,2.1164173e-05,11726777377.211111,1029440790.9981745
2022-01-28,2.1361572e-05,11730676470.554972,761363996.4405775
2022-01-29,2.13426e-05,11715727663.196152,448979743.39232856
2022-01-30,2.1658659e-05,11861035581.54566,460549621.07723385
2022-01-31,2.1130045e-05,11602623372.202707,400610412.5343556
2022-02-01,2.1467615e-05,11756688735.5715,436379800.62267196
2022-02-02,2.1768254e-05,11968677787.268684,441652052.6826358
2022-02-03,2.0670175e-05,11350990594.158522,410515852.9568076
2022-02-04,2.0718589999999998e-05,11344790726.459717,343095315.93990725
2022-02-05,2.2229346e-05,12094480485.026075,506691780.70768565
2022-02-06,2.2546553e-05,12452437275.361988,722735976.4518359
2022-02-07,2.8054708e-05,15200312934.386713,1975345165.9044583
2022-02-08,3.2660484e-05,17996509835.50502,4385558265.264004
2022-02-09,3.1180731e-05,17162532744.32854,3278727804.41097
2022-02-10,3.2916456e-05,18020597497.900524,2179120524.1059003
2022-02-11,3.0775447e-05,16932401875.830204,1721818583.6802182
2022-02-12,2.8667074e-05,15700577705.065733,1411776973.3284688
2022-02-13,2.9088848e-05,15912207081.38719,1157808711.7950344
2022-02-14,3.0356003e-05,16651524894.182222,1418811957.4300253
2022-02-15,2.9632208e-05,16306784772.023214,1050175783.359356
2022-02-16,3.1244106e-05,17207573484.71097,1074310401.5874808
2022-02-17,3.0958195e-05,17037605985.41222,959362487.0942881
2022-02-18,2.8220926e-05,15529277124.247095,1397022929.0723503
2022-02-19,2.8173669e-05,15498850075.622929,1000990684.5188631
2022-02-20,2.7560599e-05,15112682932.965593,633459715.6979043
2022-02-21,2.5543439e-05,14103323196.161667,866721529.0131574
2022-02-22,2.4185504e-05,13315491377.609507,1366207974.9838195
2022-02-23,2.4949113e-05,13728425509.941042,1019562057.9947932
2022-02-24,2.5080538e-05,13805165295.329622,1173457749.8242674
2022-02-25,2.3828052e-05,13023245442.321255,2241901064.7086635
2022-02-26,2.4805189999999997e-05,13641788173.579737,1165209600.220238
2022-02-27,2.4423426e-05,13395687378.370039,753269712.533618
2022-02-28,2.3514441e-05,12907814586.07569,826229513.0993412
2022-03-01,2.5780103999999998e-05,14134311194.279541,1041636481.295012
2022-03-02,2.7116447999999998e-05,14822984829.682564,1403872043.4160404
2022-03-03,2.5912222e-05,14244751345.831871,927747531.2786207
2022-03-04,2.5118246e-05,13810601602.333324,637372006.4127262
2022-03-05,2.3544275e-05,12932977156.83323,645258451.8634522
2022-03-06,2.4618432e-05,13508392809.956453,476430323.9554367
2022-03-07,2.3593122e-05,12938567153.409023,412728405.8433502
2022-03-08,2.289425e-05,12557081524.876762,572828456.9999093
2022-03-09,2.2902665e-05,12580005997.882645,452495956.9687337
2022-03-10,2.3866126e-05,13093241207.7251,620722159.2820823
2022-03-11,2.2647243e-05,12438234313.251108,522626573.9152405
2022-03-12,2.2141011e-05,12227303331.64573,473532886.18745387
2022-03-13,2.2178876e-05,12193927654.621475,276216232.6619441
2022-03-14,2.1547229999999998e-05,11819887906.446552,425715521.11482716
2022-03-15,2.2046573e-05,12082037933.401396,417407452.6840221
2022-03-16,2.1640544e-05,11925872131.039532,464469301.58206344
2022-03-17,2.2637086999999998e-05,12413271020.384619,550326226.6309437
2022-03-18,2.2224897e-05,12199558705.696281,398732964.81753904
2022-03-19,2.2335287e-05,12286873605.5567,478151828.22175604
2022-03-20,2.4133979e-05,13248855776.675047,1298643612.402642
2022-03-21,2.3135079e-05,12688551225.994473,792884345.0654821
2022-03-22,2.2935911e-05,12579713402.854502,481893826.67487645
2022-03-23,2.3482469e-05,12899333886.856571,674693557.3514581
2022-03-24,2.4488653e-05,13442087409.538717,847788709.0289886
2022-03-25,2.4618631e-05,13546675510.668104,918471364.5396351
2022-03-26,2.4139482e-05,13263961474.306007,793502056.0887383
2022-03-27,2.4428279e-05,13420719188.429201,388523792.8055381
2022-03-28,2.5466313e-05,13964121285.187584,689350031.6832128
2022-03-29,2.6461942e-05,14843234788.28952,3106812680.5562057
2022-03-30,2.7318236e-05,14890206575.92428,1833191563.0688932
2022-03-31,2.7557029e-05,15162738459.141796,1463013056.1741107
2022-04-01,2.5874423e-05,14176226681.047014,1229503082.760152
2022-04-02,2.6117076999999998e-05,14289805180.464699,988740054.0812064
2022-04-03,2.5805287e-05,14236341994.569195,1027425083.6886821
2022-04-04,2.6739271e-05,14673799826.615377,778385386.0890268
2022-04-05,2.6503568e-05,14539584856.894785,949070569.4976612
2022-04-06,2.6771551e-05,14781241048.436924,1455551472.8081071
2022-04-07,2.4357857e-05,13420039729.689783,1353002331.678918
2022-04-08,2.4818667e-05,13624054865.26313,666965383.7058837
2022-04-09,2.3750484999999998e-05,13000941819.425255,579620424.328705
2022-04-10,2.4626636e-05,13504833377.483286,452636671.8846444
2022-04-11,2.4611809e-05,13575980057.882925,671969889.7453766
2022-04-12,2.211349e-05,12174150236.891218,732793243.9628198
2022-04-13,2.7133453999999998e-05,14835702148.313147,4285464874.1112485
2022-04-14,2.6777021e-05,14699586283.149477,2156760176.9308753
2022-04-15,2.5799851e-05,14171793817.45948,1307892389.8331149
2022-04-16,2.5897522e-05,14228331269.836151,499122767.58084655
2022-04-17,2.5666765e-05,14132038551.059696,338943155.88060147
2022-04-18,2.4740332999999998e-05,13570063390.01228,423063930.72002655
2022-04-19,2.5267059e-05,13804286844.485497,792327666.1825962
2022-04-20,2.5364554e-05,13919064828.436396,584313901.1596926
2022-04-21,2.4865164999999998e-05,13646970279.39165,663390184.2766109
2022-04-22,2.4306948e-05,13342208882.027237,545594099.458596
2022-04-23,2.4344871e-05,13352243740.002098,433606900.9323569
2022-04-24,2.4184450999999998e-05,13293580766.86832,362501244.333771
2022-04-25,2.3948712e-05,13194380740.459124,332199018.7762571
2022-04-26,2.4404259e-05,13426295566.494673,1263566900.2669208
2022-04-27,2.299864e-05,12625189610.808273,865842129.2141542
2022-04-28,2.3460862e-05,12853390713.359592,744278328.7349842
2022-04-29,2.2930439e-05,12551578471.987076,518927677.2106596
2022-04-30,2.2216769e-05,12214685036.71869,781193946.6346067
2022-05-01,2.0237321e-05,11030189184.585482,802125117.2972369
2022-05-02,2.1602500000000002e-05,11878273035.476326,914995367.8927312
2022-05-03,2.0708568e-05,11354575608.125498,674365134.3553098
2022-05-04,2.0337682e-05,11194297614.982563,484828063.6335076
2022-05-05,2.1762928e-05,11891252606.334517,644623186.6744816
2022-05-06,2.036404e-05,11137353977.493977,758367854.4240358
2022-05-07,2.0042226e-05,11019362533.610136,627513167.4958752
2022-05-08,1.9316126e-05,10626649525.761244,483348833.61988485
2022-05-09,1.8416612999999998e-05,10103598479.786917,556186571.032994
2022-05-10,1.4486353e-05,7992754070.258301,1516157330.4982471
2022-05-11,1.6208341e-05,8866841184.124313,1996102712.0699036
2022-05-12,1.1986207999999999e-05,6682931472.124305,1757963711.2743745
2022-05-13,1.0929454e-05,6028008652.262879,1465677670.7012305
2022-05-14,1.2792679e-05,7038488029.51926,1570099967.352694
2022-05-15,1.2553553e-05,6874677133.842992,930565481.140064
2022-05-16,1.3008226e-05,7129634161.921655,519377571.3146766
2022-05-17,1.20286e-05,6598411019.260206,615263006.4725634
2022-05-18,1.2579224e-05,6918725570.985796,507584249.7816733
2022-05-19,1.1554649e-05,6351908854.37443,426217937.401539
2022-05-20,1.1865361e-05,6519624393.905894,394485963.3211678
2022-05-21,1.1637964e-05,6393164392.091825,314561571.6978656
2022-05-22,1.1779374e-05,6481330848.057108,251773244.1785939
2022-05-23,1.195103e-05,6562771403.930445,337548730.42518294
2022-05-24,1.1680975e-05,6420698879.648171,683784147.5294232
2022-05-25,1.1730608e-05,6442665139.230963,386855749.89763516
2022-05-26,1.1602385e-05,6366709432.626448,266345363.6186528
2022-05-27,1.0658865e-05,5854852203.64088,502730087.83059597
2022-05-28,1.0432888e-05,5719059995.3735,394453890.3254805
2022-05-29,1.0799737e-05,5940723308.479626,217373342.01396057
2022-05-30,1.1499152e-05,6317150621.417464,413858751.9210769
2022-05-31,1.2186119e-05,6700802268.627955,633368000.1249989
2022-06-01,1.1813386e-05,6480679098.893814,469348991.643896
2022-06-02,1.0910143e-05,6000965718.119397,417091844.37798494
2022-06-03,1.1224778e-05,6171500968.234047,291100816.94853914
2022-06-04,1.0830867999999999e-05,5925963921.889924,260317990.46077403
2022-06-05,1.0898796e-05,5963683217.019877,175981151.75392106
2022-06-06,1.0807324999999999e-05,5946891212.383783,174242499.78239787
2022-06-07,1.1059025e-05,6074735059.222138,305103821.0955064
2022-06-08,1.0769025e-05,6365026557.78779,337582657.6927002
2022-06-09,1.0613693e-05,6261375866.403065,234414580.0788415
2022-06-10,1.0566937e-05,6228132971.8362465,174428944.3990217
2022-06-11,1.0129213e-05,5974809638.090517,239376678.7053612
2022-06-12,9.326067e-06,5496445508.517396,375259737.60579467
2022-06-13,8.648467e-06,5142425767.445126,477486297.4209678
2022-06-14,7.971779e-06,4671940506.675245,690920181.4544535
2022-06-15,8.218657e-06,4852624209.886621,462650752.3431768
2022-06-16,8.80355e-06,5168687203.674124,558842903.4834456
2022-06-17,7.977338e-06,4715162192.673863,366330201.852959
2022-06-18,8.176173e-06,4831166804.717695,215559537.04591835
2022-06-19,7.731325e-06,4538541105.925034,322685904.09680235
2022-06-20,8.200411e-06,4824681736.117666,315344319.22000057
2022-06-21,8.158437e-06,4813661235.574084,258385501.65620455
2022-06-22,1.0586204e-05,6185396455.355073,1839091446.7859135
2022-06-23,9.684285e-06,5705048190.3752365,1344203434.8399487
2022-06-24,1.0322318e-05,6090221982.249816,727037910.6089666
2022-06-25,1.0876509e-05,6480667389.985851,839555729.6545436
2022-06-26,1.1802682e-05,6931995805.626578,984676899.3859639
2022-06-27,1.1050794999999999e-05,6544686729.886247,677631022.6642803
2022-06-28,1.1064028e-05,6510722852.502879,540446067.6981792
2022-06-29,9.981285e-06,5883185751.251432,477414438.9676855
2022-06-30,1.0175802e-05,6004611322.890111,614298068.275781
2022-07-01,1.0181436e-05,5967996834.393285,599500706.334211
2022-07-02,1.0056149e-05,5941249189.088755,432146908.2290866
2022-07-03,1.0094524e-05,5951111617.722707,216553979.34214076
2022-07-04,1.0048933e-05,5924924963.9413595,204809054.45861173
2022-07-05,1.0505296e-05,6182637060.412847,314529786.6202844
2022-07-06,1.0315896e-05,6088830659.716057,475152971.6405881
2022-07-07,1.0470764999999999e-05,6175090007.521809,330100712.2129809
2022-07-08,1.1311771e-05,6686054623.147909,474748333.1961524
2022-07-09,1.1329358e-05,6681329123.987218,612526036.1087275
2022-07-10,1.1638942999999999e-05,6854120475.786667,454945306.03030556
2022-07-11,1.1224696e-05,6624293145.054708,363736767.7961984
2022-07-12,1.0377540999999999e-05,6119347308.968656,333042482.5779278
2022-07-13,9.998803e-06,5923454229.667505,298673950.9649724
2022-07-14,1.0531229e-05,6198402960.347786,417638532.8202249
2022-07-15,1.0628039e-05,6273822616.270163,351711398.37937695
2022-07-16,1.0850431e-05,6391448778.938945,373496296.5083056
2022-07-17,1.1015966e-05,6482780551.07325,297775695.59334224
2022-07-18,1.0778347e-05,6369419340.866747,263334786.77918264
2022-07-19,1.197182e-05,7026805758.074782,820520715.4994029
2022-07-20,1.2153386999999999e-05,7155048727.091519,874702134.0505571
2022-07-21,1.1927428e-05,7071260395.535392,1004887950.4538813
2022-07-22,1.2002207e-05,7088750356.390217,531330349.15307575
2022-07-23,1.1733174e-05,6906977839.023146,442612339.0557521
2022-07-24,1.1618236e-05,6847583680.079304,346816908.6041394
2022-07-25,1.1606835e-05,6868881669.111706,276447095.1546466
2022-07-26,1.0745392e-05,6392458159.979769,340717619.9124579
2022-07-27,1.0817137999999999e-05,6364347760.535069,338520195.67562294
2022-07-28,1.1465103999999999e-05,6738167418.58215,462471704.3006545
2022-07-29,1.1839602999999999e-05,6984884948.762419,679215202.4431872
2022-07-30,1.1788929999999999e-05,7012833300.802061,535721091.9268456
2022-07-31,1.1918377e-05,7014675118.266757,724710740.7764823
2022-08-01,1.1740226e-05,6923437096.548031,438273542.7610491
2022-08-02,1.2017003e-05,7072042241.046877,631996762.5713878
2022-08-03,1.1812499e-05,6986733200.421667,413661057.3331492
2022-08-04,1.1830731e-05,6956692673.887077,361940028.57288843
2022-08-05,1.1862532e-05,6965399643.814533,314017914.5671281
2022-08-06,1.2120868e-05,7135552439.730743,353221030.7475274
2022-08-07,1.1983466e-05,7067893041.920862,290742159.8852737
2022-08-08,1.2049504e-05,7095497197.098125,240123809.96286938
2022-08-09,1.2303397e-05,7254772502.652544,606866699.7157061
2022-08-10,1.0317881e-05,6130552258.733385,3529709279.813429
2022-08-11,1.2362294e-05,7262273109.7256565,426182221.4682641
2022-08-12,1.2303741e-05,7238423209.371652,539141747.7350044
2022-08-13,1.2671512e-05,7460287230.524114,353752817.08605105
2022-08-14,1.2641368999999999e-05,7434216088.410907,387414685.4269968
2022-08-15,1.6947194e-05,10011444542.980846,4696871152.279163
2022-08-16,1.5333352e-05,9057947556.082296,2061676642.6330223
2022-08-17,1.5847713e-05,9338976280.100626,1365987554.342867
2022-08-18,1.4765527e-05,8712825027.327003,1165831135.7688723
2022-08-19,1.3569419999999999e-05,8018259952.5110445,576366821.4808472
2022-08-20,1.3258751e-05,7813736933.178433,1180773778.3838954
2022-08-21,1.2913148e-05,7603213811.639484,755472046.0381622
2022-08-22,1.3544007e-05,7992543645.518942,456408942.13250726
2022-08-23,1.3167392e-05,7750293728.065804,434011184.02743506
2022-08-24,1.3329254e-05,7853836932.699381,414186487.8588369
2022-08-25,1.3062079999999998e-05,7691413084.108163,395120090.0723137
2022-08-26,1.3966016e-05,8240116939.312513,974041873.9275227
2022-08-27,1.2417783e-05,7304128043.811355,795171107.9637535
2022-08-28,1.2190797e-05,7180910164.819331,459241482.297382
2022-08-29,1.1870179999999999e-05,7005657778.485728,318381844.1621642
2022-08-30,1.2513124e-05,7379640276.268401,405111954.1103229
2022-08-31,1.2184269999999999e-05,7206222318.353986,367260731.16535276
2022-09-01,1.2090655e-05,7125952406.09626,297951775.1340088
2022-09-02,1.2350942e-05,7279668227.741095,265904853.00570375
2022-09-03,1.2165825e-05,7171897146.703682,291505133.7362186
2022-09-04,1.2299839e-05,7258779762.905275,234405564.91292584
2022-09-05,1.2835892e-05,7559520916.551849,563831898.8227427
2022-09-06,1.2548195e-05,7382945452.385652,354300320.9357253
2022-09-07,1.2032528e-05,7094905521.077853,502603750.82067305
2022-09-08,1.2271659999999999e-05,7246588037.158871,316353956.69096136
2022-09-09,1.2224056e-05,7205147645.070452,331623207.3768199
2022-09-10,1.2945499e-05,7633056452.584069,981378898.601891
2022-09-11,1.3318029e-05,7858415816.844873,640520775.7018076
2022-09-12,1.2992054999999999e-05,7661553338.834197,579211145.1772989
2022-09-13,1.2856626e-05,7570832506.842122,541229595.3544489
2022-09-14,1.2109673e-05,7146752485.134916,486233910.2863659
2022-09-15,1.2224744e-05,7197806068.961231,342588898.0202371
2022-09-16,1.1713619e-05,6913270484.53111,333132098.7123941
2022-09-17,1.1558162e-05,6813865508.948584,253790122.97268316
2022-09-18,1.1976609999999999e-05,7059642752.842828,190151521.40741062
2022-09-19,1.0641155e-05,6284499760.801632,279861935.20857006
2022-09-20,1.1015617e-05,6491821333.172676,354839615.5711925
2022-09-21,1.0524527e-05,6214364575.16517,237210831.12319687
2022-09-22,1.042215e-05,6139500502.532878,336094984.9724491
2022-09-23,1.0879077e-05,6412050849.541073,214487052.24004498
2022-09-24,1.1100079e-05,6557161588.480748,333067156.7245697
2022-09-25,1.1249594e-05,6621507733.304449,669545108.0572752
2022-09-26,1.1025564e-05,6487808513.597146,285695646.85729617
2022-09-27,1.1117293e-05,6544242268.7321615,247647541.1396154
2022-09-28,1.1134576e-05,6565189294.26485,283704789.6937674
2022-09-29,1.1135738999999999e-05,6568818920.608798,246040991.78257158
2022-09-30,1.1128005e-05,6563115923.066389,174709825.42958054
2022-10-01,1.1352811e-05,6701691142.460852,242867938.6537024
2022-10-02,1.1177583e-05,6588439352.475041,167660920.8998064
2022-10-03,1.0983647e-05,6488589057.225976,171533504.47390604
2022-10-04,1.1174285e-05,6587069213.409089,167028945.40566754
2022-10-05,1.1670844e-05,6884501431.763845,269314713.12935567
2022-10-06,1.1433829e-05,6731457945.885191,240774726.50239593
2022-10-07,1.1189178e-05,6589912843.608673,210027726.93052965
2022-10-08,1.1009791999999999e-05,6490694365.296474,166286028.56571975
2022-10-09,1.1002091e-05,6486908920.970862,84352878.53560525
2022-10-10,1.1041759e-05,6495528593.692008,92989615.21410413
2022-10-11,1.0241709e-05,6059770412.809429,182617963.24124867
2022-10-12,1.0243575999999999e-05,6023644350.034284,203139172.8133255
2022-10-13,1.0179338e-05,6002860353.699509,117437766.2815609
2022-10-14,1.0424536e-05,6150199752.084819,423053587.27783406
2022-10-15,1.0188211e-05,5995194141.52944,224707303.18848383
2022-10-16,1.0232409e-05,6034635222.816656,167314047.76261672
2022-10-17,1.0298572e-05,6069615626.833784,114591941.38763809
2022-10-18,1.0418784e-05,6135221270.071463,109371416.57438728
2022-10-19,1.0190403e-05,6003243041.692351,161275013.8216606
2022-10-20,9.874675e-06,5825629741.998832,147049840.37008095
2022-10-21,9.919792e-06,5847756458.774025,171662040.50617176
2022-10-22,1.0027202e-05,5913784887.30773,189670749.90919703
2022-10-23,1.0004937e-05,5895098193.439308,101695346.31422636
2022-10-24,1.0149876e-05,5965438813.192924,119775853.74216758
2022-10-25,9.918456999999999e-06,5839323329.716594,126297181.47026888
2022-10-26,1.0244001e-05,6041968406.312302,221043516.9463732
2022-10-27,1.0811784e-05,6361669627.271465,443268671.1647341
2022-10-28,1.0673497e-05,6307075779.720231,766214166.7155253
2022-10-29,1.1746852999999999e-05,6936210001.74862,928970416.2501042
2022-10-30,1.2799504e-05,7507740332.087399,2470705970.3347654
2022-10-31,1.1939681e-05,7024166389.007046,1305215387.5241323
2022-11-01,1.2479266999999999e-05,7355871754.342958,948805011.4775786
2022-11-02,1.2872031e-05,7593008790.4624605,1039572522.6959968
2022-11-03,1.1779193e-05,6945658149.209239,746989549.5550265
2022-11-04,1.1721613e-05,6896584050.495947,377726510.18171114
2022-11-05,1.2527570999999999e-05,7378975652.5792055,752482294.4751743
2022-11-06,1.245642e-05,7355982982.634606,599612050.7785535
2022-11-07,1.1820435e-05,6963831540.390753,425332343.55174315
2022-11-08,1.1814249e-05,6953840536.224435,326219509.6387744
2022-11-09,1.0171329999999999e-05,6013892942.403858,718999364.5824913
2022-11-10,8.716855e-06,5153507701.353959,590162283.6354051
2022-11-11,1.0215195e-05,5999556685.626188,583339628.0388759
2022-11-12,9.934702e-06,5830848069.396853,313241291.14338344
2022-11-13,9.549259e-06,5618920377.743259,290929455.98408484
2022-11-14,8.999446e-06,5296540504.598514,246272719.5339832
2022-11-15,9.092343e-06,5368224275.5350065,317814402.7401526
2022-11-16,9.29434e-06,5481797570.715519,190304181.16624305
2022-11-17,9.166843e-06,5398792322.568146,268602386.4861177
2022-11-18,9.082927e-06,5355950861.665884,127447248.45735434
2022-11-19,9.122404e-06,5375284209.730678,102091588.23822665
2022-11-20,9.178763e-06,5411849002.741369,82318151.1072537
2022-11-21,8.813118e-06,5196604142.07058,141163332.26570407
2022-11-22,8.455415999999999e-06,4982405788.994514,207330897.83088085
2022-11-23,8.799834999999999e-06,5198956286.057824,181382029.37310416
2022-11-24,9.065979e-06,5353284221.740651,180431868.3729466
2022-11-25,9.031831e-06,5322738282.57748,126677055.24832214
2022-11-26,9.203671e-06,5427473218.20002,211895554.14217082
2022-11-27,9.035043e-06,5324625506.0490265,150730296.8125007
2022-11-28,9.300444e-06,5493552533.581009,243511357.79241616
2022-11-29,9.096042e-06,5359404421.947419,198467034.60811552
2022-11-30,9.099563e-06,5367612416.371011,150326396.41880256
2022-12-01,9.359371e-06,5531528025.3239355,201685680.36675337
2022-12-02,9.212208e-06,5417700106.002271,120819666.67445804
2022-12-03,9.348198e-06,5510981854.970019,121686869.46392804
2022-12-04,9.223207e-06,5451173461.905677,140572527.16961548
2022-12-05,9.380887999999999e-06,5528091862.458224,88747831.20830844
2022-12-06,9.428714e-06,5564301798.330853,289404512.36483824
2022-12-07,9.325577999999999e-06,5493352878.95464,110235008.52497768
2022-12-08,9.114903e-06,5375290791.401767,125331696.92324153
2022-12-09,9.271204e-06,5466559420.64985,100872288.45134768
2022-12-10,9.229519e-06,5438787855.5761175,94465024.84782071
2022-12-11,9.201583e-06,5417271515.89055,63028085.76362681
2022-12-12,9.108184e-06,5358300031.62418,81609957.76298416
2022-12-13,8.956694e-06,5276950045.083181,166660148.9870601
2022-12-14,9.170509999999999e-06,5410979142.0151825,220330882.88977635
2022-12-15,8.982750999999999e-06,5295181493.1860075,128265637.2244088
2022-12-16,8.841667e-06,5215331422.399836,110399222.69477399
2022-12-17,8.19211e-06,4823631054.876092,198921635.39503366
2022-12-18,8.313596e-06,4894512531.437515,160150289.17920655
2022-12-19,8.559867e-06,5066625523.781691,315726002.9985918
2022-12-20,8.146825e-06,4805866744.332695,239973455.36995995
2022-12-21,8.480955e-06,4992453649.860129,124863555.0644686
2022-12-22,8.253732e-06,4860414752.912345,100960519.17530961
2022-12-23,8.353287e-06,4914800571.674589,110049658.89199547
2022-12-24,8.280509e-06,4877581087.247473,96067408.13230716
2022-12-25,8.333215e-06,4912569612.89954,53503705.96034459
2022-12-26,8.302695e-06,4891921197.072608,72159128.5447517
2022-12-27,8.313452999999999e-06,4897714856.581653,64629010.497397065
2022-12-28,8.191448e-06,4821672761.20019,97562440.76800123
2022-12-29,7.913664e-06,4663639855.656577,137536769.04029143
2022-12-30,8.204812e-06,4838902021.422632,172457199.3412997
2022-12-31,8.058695e-06,4750031000.84851,114317134.38065076
2023-01-01,8.099957e-06,4777570890.807855,72997120.779336
2023-01-02,8.144057e-06,4798032317.90205,62811689.14968659
2023-01-03,8.203776e-06,4836939176.654492,109297725.92790504
2023-01-04,8.154118999999999e-06,4800530676.736607,98440168.69239232
2023-01-05,8.381792e-06,4927830433.22857,164601063.49547946
2023-01-06,8.408074e-06,4957287209.317643,305371506.4643937
2023-01-07,8.456302e-06,4979668832.707024,169040656.30279687
2023-01-08,8.433076e-06,4966916018.841535,145611577.2758525
2023-01-09,8.645041e-06,5103868230.313166,136218247.19999227
2023-01-10,8.676909e-06,5114400238.461327,467751197.77914745
2023-01-11,9.237021e-06,5446748696.575697,531060078.7152027
2023-01-12,9.148247e-06,5391546988.426912,333357099.4434914
2023-01-13,9.48831e-06,5592893374.370996,495516242.74647266
2023-01-14,1.0215886e-05,6009682401.533925,455305536.80151373
2023-01-15,1.0433433e-05,6156570489.756848,797058116.0366485
2023-01-16,1.0684321e-05,6309154036.691741,497238762.5128394
2023-01-17,1.0520528e-05,6206256002.530611,516857659.3345196
2023-01-18,1.0554539e-05,6206625486.743491,292998200.17803687
2023-01-19,1.1185433e-05,6572290872.883757,1625816022.9195335
2023-01-20,1.1562225e-05,6818285287.570106,453372825.7593601
2023-01-21,1.2251134e-05,7224697287.629174,451364333.5139539
2023-01-22,1.1884829e-05,6980053068.25444,603404213.1697227
2023-01-23,1.204125e-05,7092972809.192661,463480282.81851256
2023-01-24,1.2060384e-05,7104234860.303652,299032934.6638728
2023-01-25,1.1211126e-05,6587504906.3022,324066616.9134868
2023-01-26,1.1690313e-05,6888164942.321081,341001245.8844599
2023-01-27,1.1638872999999999e-05,6862431095.536779,259787758.3284225
2023-01-28,1.1748669e-05,6928267128.99438,236428851.85183823
2023-01-29,1.1808058e-05,6962550854.1616955,351942245.71781445
2023-01-30,1.2103738e-05,7127114250.375406,257088103.95278287
2023-01-31,1.1503199e-05,6774250309.312524,378851150.15754586
2023-02-01,1.1829026e-05,6964453388.625086,365607860.1954186
2023-02-02,1.1972469e-05,7054096788.87644,383680085.9456328
2023-02-03,1.2174638e-05,7171801082.61084,654904665.7431238
2023-02-04,1.2749412e-05,7540804369.169974,525513725.6165685
2023-02-05,1.4728285e-05,8697534927.326075,1946108819.962275
2023-02-06,1.4364733e-05,8484521584.872017,1123537792.6961863
2023-02-07,1.4143179e-05,8336212358.089333,678404851.2000607
2023-02-08,1.4397872e-05,8493008506.038423,570184547.545388
2023-02-09,1.3792317e-05,8124484233.856451,437432602.99056196
2023-02-10,1.2141895e-05,7150265356.651855,561054911.3306683
2023-02-11,1.2935927e-05,7622860260.840871,550327715.2111408
2023-02-12,1.2935425e-05,7619564933.383317,359978270.6888494
2023-02-13,1.2808246e-05,7559796343.419403,396288814.95397675
2023-02-14,1.2488458e-05,7364008467.042146,404503579.4111478
2023-02-15,1.2769012e-05,7545153396.8912,351532154.8973267
2023-02-16,1.3739956e-05,8086056893.549541,480737591.592524
2023-02-17,1.2795199e-05,7552365634.2157,611697451.8844666
2023-02-18,1.3196868e-05,7786477723.284443,399992639.60227466
2023-02-19,1.3220258999999999e-05,7792518959.890305,267068881.75157103
2023-02-20,1.3372597e-05,7897922924.890248,523306233.15411764
2023-02-21,1.346419e-05,7934092071.313992,363385842.61808807
2023-02-22,1.3056574e-05,7684541849.071212,389720320.27961344
2023-02-23,1.3110638e-05,7726392207.307921,312054252.9093279
2023-02-24,1.3171172e-05,7744961920.158348,441192683.76591057
2023-02-25,1.2560789e-05,7404077809.0188875,302647399.6038536
2023-02-26,1.242099e-05,7317531048.960366,248748981.60252568
2023-02-27,1.2847301e-05,7573667444.40097,264546021.51082966
2023-02-28,1.2534604e-05,7389580306.131122,245514253.26743782
2023-03-01,1.2039856e-05,7081731121.6197405,178918523.03098
2023-03-02,1.2261119e-05,7225147874.335362,178384793.52005938
2023-03-03,1.2078021e-05,7119487424.769302,216955748.33020258
2023-03-04,1.1390209e-05,6719262190.623116,321121310.5352141
2023-03-05,1.1144e-05,6563641048.370976,183449970.34161314
2023-03-06,1.1108734e-05,6541305396.493553,147793140.5247
2023-03-07,1.1167595e-05,6577990857.850783,167854823.98874983
2023-03-08,1.1124347e-05,6536245078.7163515,256660187.91995975
2023-03-09,1.0948984e-05,6456394138.937481,489853749.1626322
2023-03-10,1.012567e-05,5963780972.761458,451674565.2294477
2023-03-11,1.0313364e-05,6085716153.243037,445831865.7158158
2023-03-12,1.0312824999999999e-05,6062112889.864419,300984567.46804565
2023-03-13,1.0828575e-05,6363066607.737292,259054797.88591793
2023-03-14,1.1065438999999999e-05,6523570241.903356,471023096.3620721
2023-03-15,1.1301409999999999e-05,6656325782.561051,597192467.1974968
2023-03-16,1.0423842e-05,6143483750.753767,507749134.25550705
2023-03-17,1.0597368e-05,6256303322.479718,304258601.87609583
2023-03-18,1.1211700999999999e-05,6605123983.446484,346095368.13323456
2023-03-19,1.0758892e-05,6345752353.762962,419054724.4145774
2023-03-20,1.1005506999999999e-05,6526307537.730799,319823922.70820355
2023-03-21,1.0536282e-05,6208775019.855876,350125025.2817973
2023-03-22,1.1012989999999999e-05,6483877802.150619,318878221.7137392
2023-03-23,1.0662382e-05,6274306922.294361,407883754.49653786
2023-03-24,1.0906620999999999e-05,6421449365.022836,202992405.27618772
2023-03-25,1.0631238e-05,6298756660.026418,218733594.17877638
2023-03-26,1.0582117e-05,6237109384.636223,173422881.23268664
2023-03-27,1.0633841e-05,6283504946.10254,150369505.08736643
2023-03-28,1.044028e-05,6144953460.7340355,316332843.9863433
2023-03-29,1.0474988e-05,6172572911.348634,174330921.52040243
2023-03-30,1.071325e-05,6310443195.57695,243406969.30854666
2023-03-31,1.0581595e-05,6228594536.335365,218159856.43561757
2023-04-01,1.0862503e-05,6413441471.980123,211378518.94963834
2023-04-02,1.119709e-05,6605580547.310153,415732335.50355303
2023-04-03,1.0848711e-05,6393266301.307118,299519412.50874805
2023-04-04,1.1272098999999999e-05,6660940788.818193,590913999.7792712
2023-04-05,1.1237553e-05,6622255232.144059,422064698.2316277
2023-04-06,1.1240986e-05,6645339441.137609,252626623.02993336
2023-04-07,1.0972448e-05,6466742586.825627,241084513.5155161
2023-04-08,1.0972531e-05,6462302478.702575,158030580.8044248
2023-04-09,1.0892486e-05,6430390301.126056,153543729.13346365
2023-04-10,1.0980622e-05,6473969318.986703,156213402.9602426
2023-04-11,1.1145827e-05,6574532371.096362,176162161.26188388
2023-04-12,1.1075549e-05,6524581082.581225,178929550.46302035
2023-04-13,1.098194e-05,6473515613.7632475,230679244.46315867
2023-04-14,1.1126861e-05,6558812599.972481,193327131.42485014
2023-04-15,1.1282049e-05,6654598234.832279,316836636.223365
2023-04-16,1.1591727e-05,6804716485.471978,239980465.80301785
2023-04-17,1.1591292e-05,6830453710.321859,367762335.20555454
2023-04-18,1.1411410999999999e-05,6717033111.535693,362650486.9547501
2023-04-19,1.1613469e-05,6844328533.409058,251898416.8481467
2023-04-20,1.0863445e-05,6406250478.344669,333561458.27103746
2023-04-21,1.0627411e-05,6260545579.921434,262669313.44844046
2023-04-22,1.0307106e-05,6068112439.226107,248554886.4275721
2023-04-23,1.0515581e-05,6197579903.5900135,127450429.96977158
2023-04-24,1.0383857999999999e-05,6107172981.830551,124345521.10424958
2023-04-25,1.0316878e-05,6078620585.312353,144185749.58044878
2023-04-26,1.0418131e-05,6141168808.045309,132171331.22837628
2023-04-27,1.019505e-05,6001200414.996326,225525126.83177337
2023-04-28,1.0309377e-05,6072873316.229711,129961638.61273319
2023-04-29,1.0296881e-05,6072625006.105812,89499086.69051921
2023-04-30,1.0325571e-05,6088583305.038603,77098564.69359523
2023-05-01,1.0135846e-05,5986225107.297254,90578285.22031277
2023-05-02,9.996048e-06,5884038959.130179,157320612.65040687
2023-05-03,1.0053414e-05,5926595384.926754,104979882.49156614
2023-05-04,1.0145735e-05,5982245552.656815,119304953.85245107
2023-05-05,9.918589e-06,5847510547.368729,97046542.95776828
2023-05-06,1.0030486e-05,5910963863.605922,160411611.11158141
2023-05-07,9.496295e-06,5595010004.475002,217753728.082631
2023-05-08,9.420267e-06,5548324458.597373,107858409.17163117
2023-05-09,8.959243e-06,5275751085.22318,249756519.66824535
2023-05-10,9.031782e-06,5327594374.290465,147308542.3476927
2023-05-11,9.051266e-06,5340593124.125765,173857884.23774537
2023-05-12,8.740674999999999e-06,5149833347.042128,131409428.49107939
2023-05-13,8.913137e-06,5252068251.467455,156430699.50642282
2023-05-14,8.780507e-06,5188608846.640925,100628716.40445378
2023-05-15,8.825364e-06,5204448957.81378,90776338.4933255
2023-05-16,8.842769e-06,5209171967.6945095,117026859.62106007
2023-05-17,8.798036999999999e-06,5186656090.733435,110560763.31955767
2023-05-18,8.794632e-06,5184976198.647563,123738056.58179098
2023-05-19,8.72887e-06,5155225807.561135,124948351.14285623
2023-05-20,8.707279999999999e-06,5134762128.067926,77235504.93967114
2023-05-21,8.755118e-06,5160403030.152792,63069189.43111001
2023-05-22,8.565607e-06,5051532725.654995,76346867.43111284
2023-05-23,8.818523e-06,5196946600.245846,186851350.62297955
2023-05-24,8.917079e-06,5255138160.924713,143320878.79053336
2023-05-25,8.535012e-06,5038574374.809626,128830401.0538193
2023-05-26,8.529616e-06,5025926909.352068,130756452.36899637
2023-05-27,8.590831e-06,5060076489.878944,106257508.47988383
2023-05-28,8.657478e-06,5099419641.408109,76965510.83193305
2023-05-29,8.835902e-06,5213248009.466707,131081263.42651239
2023-05-30,8.738039e-06,5151054707.305364,88147112.32080066
2023-05-31,8.694235e-06,5128081214.896361,91434798.60471332
2023-06-01,8.564819e-06,5033937245.687779,110025029.05003397
2023-06-02,8.482317e-06,5001882699.945434,109022528.50572978
2023-06-03,8.611729e-06,5077323674.989851,127431264.51085024
2023-06-04,8.61038e-06,5074712715.122119,69622606.3375706
2023-06-05,8.625523e-06,5082684802.067026,71299610.49583405
2023-06-06,8.024655e-06,4735721990.506591,182319200.75989905
2023-06-07,8.189049999999999e-06,4824856286.31472,115014792.15067565
2023-06-08,7.898128999999999e-06,4657470000.767376,113226122.6729276
2023-06-09,7.960151999999999e-06,4688025215.4452095,81294134.28635949
2023-06-10,7.889662e-06,4650727144.136563,94472691.96790606
2023-06-11,6.899342e-06,4068218167.1665154,473267016.8458084
2023-06-12,6.667475e-06,3925617945.821497,126338127.49034926
2023-06-13,6.684714e-06,3938758758.264418,115905446.44934638
2023-06-14,6.795984e-06,4005186882.855526,105426675.3238892
2023-06-15,6.569775e-06,3868285845.248386,106975367.35288613
2023-06-16,6.753084e-06,3981568961.2681437,78320586.1155821
2023-06-17,6.827135e-06,4019787497.2750325,71321954.5352019
2023-06-18,6.961258e-06,4103253880.6868815,67484817.36738056
2023-06-19,7.223639999999999e-06,4261041762.882249,221340388.78424913
2023-06-20,7.215878e-06,4251941504.560876,104212702.3618172
2023-06-21,7.271023e-06,4282529457.399331,93963592.457585
2023-06-22,7.568968e-06,4457401162.108502,130757994.73745058
2023-06-23,7.82102e-06,4617687946.565419,343631769.40118027
2023-06-24,7.918436e-06,4664266407.9636345,168180019.00171903
2023-06-25,7.827202e-06,4613686062.26925,116884108.58393592
2023-06-26,7.867637e-06,4633376539.299687,101563869.7566234
2023-06-27,7.553578e-06,4445582611.476349,112226054.38900769
2023-06-28,7.592418e-06,4472571567.970844,77041340.34780695
2023-06-29,7.229145e-06,4263354658.154325,104719914.36879838
2023-06-30,7.324784e-06,4325588436.616017,77315575.20078023
2023-07-01,7.565188e-06,4462811113.622696,160981547.81001273
2023-07-02,7.624883e-06,4497670399.319162,108442303.09849907
2023-07-03,7.643505e-06,4506866717.520603,100467763.6082906
2023-07-04,7.747148e-06,4566786626.444179,98262419.31957726
2023-07-05,7.689285e-06,4544826201.435923,121089259.19985014
2023-07-06,7.462206e-06,4402311653.262831,111611225.31101051
2023-07-07,7.187364e-06,4241583392.659231,113774701.32284945
2023-07-08,7.304344e-06,4303813792.962931,81413639.63113971
2023-07-09,7.6563e-06,4508210795.601048,91925330.2134354
2023-07-10,7.72987e-06,4549446191.916238,125376399.06643057
2023-07-11,7.545695e-06,4444756167.281179,106714561.24639505
2023-07-12,7.529349e-06,4439321753.164246,68442276.66023295
2023-07-13,7.5179209999999996e-06,4438583654.646981,74318156.47329636
2023-07-14,7.979228999999999e-06,4700030973.431895,220044343.4947476
2023-07-15,7.9758e-06,4692676614.728667,533203616.0523696
2023-07-16,8.096268e-06,4774297371.739195,228675548.62120792
2023-07-17,7.872805e-06,4633966090.687054,108321129.94180246
2023-07-18,7.852181e-06,4623447677.619256,142448096.15320072
2023-07-19,7.702455e-06,4532350186.456668,81321783.61592276
2023-07-20,7.746093e-06,4557124421.479448,94867241.12735814
2023-07-21,7.691667e-06,4537231453.89537,97172419.25669287
2023-07-22,7.837006e-06,4621130261.371779,93778672.25077844
2023-07-23,7.747472e-06,4567495503.504169,69024877.6997361
2023-07-24,7.853871e-06,4626543919.111998,55560622.245767474
2023-07-25,7.663082e-06,4513699492.549227,140753062.01675925
2023-07-26,7.917624e-06,4661444755.859035,138352011.65512398
2023-07-27,7.855398e-06,4630791488.719941,96467631.2501982
2023-07-28,7.797148e-06,4594568443.706215,61939040.07530642
2023-07-29,8.208444e-06,4828628351.6817,207017850.10638818
2023-07-30,8.537026e-06,5033147455.832237,193906064.88037932
2023-07-31,8.286344e-06,4882984323.696677,189845380.71738973
2023-08-01,8.475886999999999e-06,4993874733.522391,161547083.752279
2023-08-02,8.403238e-06,4944462619.088731,138101587.65682667
2023-08-03,8.150006e-06,4808067540.940542,123819137.19856599
2023-08-04,8.281066e-06,4883218195.268679,141614977.3766648
2023-08-05,8.677067e-06,5120046214.44452,241115903.37849844
2023-08-06,1.0007412999999999e-05,5897813351.549667,957254931.2050565
2023-08-07,9.366388e-06,5516210356.484632,405600638.6917829
2023-08-08,8.952682e-06,5276679681.292329,266672222.97000206
2023-08-09,9.538437e-06,5618603146.758323,356992008.28265077
2023-08-10,9.601993999999999e-06,5660183753.599446,358911294.78020424
2023-08-11,9.932207e-06,5843996170.120922,324120266.3922947
2023-08-12,1.04727e-05,6160395682.282269,416302710.73050225
2023-08-13,1.0714939e-05,6324188659.262722,671864671.4960287
2023-08-14,1.0266059999999999e-05,6049650059.366664,358828777.11430496
2023-08-15,1.0221981e-05,6040365530.604232,401514290.91311204
2023-08-16,9.947209e-06,5861664419.725647,435780226.6573399
2023-08-16,9.554262e-06,5634401328.923107,345927583.37920225
